{"inner": {
	"x": [
		-1.789575,
		-2.034244,
		-2.281847,
		-2.509147,
	    -2.746005,
	    -2.935855,
	    -3.029079,
	    -3.014436,
	    -2.891111,
	    -2.699403,
	    -2.445857,
	    -2.135631,
	    -1.788770
	], "y": [
		1.23981,
		1.216462,
		1.131472,
		1.003406,
		0.791122,
		0.488427,
		0.124798,
		-0.204538,
		-0.565247,
		-0.836731,
		-1.047305,
		-1.181101,
	    -1.229271
]}, "outer": {
	"x": [
		-1.769526,
		-2.085597,
	    -2.408895,
	    -2.675726,
	    -2.952636,
	    -3.192604,
	    -3.394855,
	    -3.511126,
	    -3.571521,
	    -3.549825,
	    -3.461817,
	    -3.274076,
	    -3.023006,
	    -2.707895,
	    -2.396081,
	    -2.062679,
	    -1.758983

	], "y": [
		1.774409,
		1.764566,
		1.679614,
		1.555751,
		1.359007,
		1.111325,
		0.770396,
		0.456444,
		0.104521,
		-0.293520,
		-0.615599,
		-0.975334,
		-1.272104,
		-1.515227,
		-1.657483,
		-1.737183,
		-1.759476
	]
}}