{"inner": {
	"x": [
		1.205660,
		-1.786268,
		-2.034244,
		-2.281847,
		-2.509147,
	    -2.746005,
	    -2.935855,
	    -3.029079,
	    -3.014436,
	    -2.891111,
	    -2.699403,
	    -2.445857,
	    -2.135631,
	    -1.788770,
	    1.203645,
	    1.580747,
	    1.901175,
	    2.216881,
	    2.373022,
	    2.438467,
	    2.284799,
	    2.065506,
	    1.781010,
	    1.501233,
	    1.208283
	], "y": [
		1.246590,
		1.223758,
		1.216462,
		1.131472,
		1.003406,
		0.791122,
		0.488427,
		0.124798,
		-0.204538,
		-0.565247,
		-0.836731,
		-1.047305,
		-1.181101,
	    -1.229271,
	    -1.228346,
	    -1.184747,
	    -1.026606,
	    -0.708924,
	    -0.403628,
	    -0.081443,
	    0.606602,
	    0.891309,
	    1.091998,
	    1.198069,
	    1.234800
]}, "outer": {
	"x": [
		1.189440,
	    -1.791048,
		-2.085597,
	    -2.408895,
	    -2.675726,
	    -2.952636,
	    -3.192604,
	    -3.394855,
	    -3.511126,
	    -3.571521,
	    -3.549825,
	    -3.461817,
	    -3.274076,
	    -3.023006,
	    -2.707895,
	    -2.396081,
	    -2.062679,
	    -1.758983,
	    1.214224,
	    1.684864,
	    2.099343,
	    2.403933,
	    2.676915,
	    2.947307,
	    2.896816,
	    2.752455,
	    2.523808,
	    2.231653,
	    1.905729,
	    1.544605,
	    1.208522
	], "y": [
		1.776127,
		1.761150,
		1.764566,
		1.679614,
		1.555751,
		1.359007,
		1.111325,
		0.770396,
		0.456444,
		0.104521,
		-0.293520,
		-0.615599,
		-0.975334,
		-1.272104,
		-1.515227,
		-1.657483,
		-1.737183,
		-1.759476,
		-1.767323,
		-1.702161,
		-1.525512,
		-1.290789,
		-0.967835,
		-0.226336,
		0.490398,
		0.841696,
		1.163587,
		1.434896,
		1.621994,
		1.734331,
		1.775392
	]
}}